{"cameraMode":{"drawMode":0,"name":"Shaded","section":"Shading Mode"},"sceneLighting":false,"audioPlay":false,"sceneViewState":{"showFog":false,"showMaterialUpdate":false,"showSkybox":false,"showFlares":false,"showImageEffects":false,"showParticleSystems":false},"in2DMode":false,"pivot":{"x":-1.3688430786132813,"y":-11.540932655334473,"z":10.490540504455567},"rotation":{"x":0.06464575976133347,"y":-0.8970304727554321,"z":0.1399874985218048,"w":0.41423022747039797},"size":2.1494898796081545,"orthographic":false}