{"cameraMode":{"drawMode":0,"name":"Shaded","section":"Shading Mode"},"sceneLighting":false,"audioPlay":false,"sceneViewState":{"showFog":false,"showMaterialUpdate":false,"showSkybox":false,"showFlares":false,"showImageEffects":false,"showParticleSystems":false},"in2DMode":false,"pivot":{"x":-2.525111675262451,"y":-8.444713592529297,"z":10.04001235961914},"rotation":{"x":-0.014342841692268849,"y":-0.8428959846496582,"z":-0.022505976259708406,"w":0.5374274849891663},"size":1.1750142574310303,"orthographic":false}