{"cameraMode":{"drawMode":0,"name":"Shaded","section":"Shading Mode"},"sceneLighting":false,"audioPlay":false,"sceneViewState":{"showFog":false,"showMaterialUpdate":false,"showSkybox":false,"showFlares":false,"showImageEffects":false,"showParticleSystems":false},"in2DMode":false,"pivot":{"x":-2.740541934967041,"y":-9.12190055847168,"z":9.83506965637207},"rotation":{"x":-0.41523629426956179,"y":0.06323028355836868,"z":-0.028946097940206529,"w":-0.9070540070533752},"size":4.714399814605713,"orthographic":false}